pairIndex,Flow_diff_top_minus_bottom,Utility_diff_top_minus_bottom,Nostalgia_diff_top_minus_bottom,None_diff_top_minus_bottom,confidence_diff_top_minus_bottom,appid_top,appid_bottom
1,-0.02529708853238266,-0.020971479500891288,0.001601307189542489,0.04466726084373143,0.0,415880,3584190
2,0.018773344102291478,0.02082385511661833,0.008582088598535945,-0.04817928781744574,0.0,250460,435480
3,0.14749858603875823,0.06068338293948056,0.08188901696792658,-0.29007098594616526,0.0,1929360,48110
4,-0.021887686675366114,0.07143006017108888,0.12606024358416704,-0.1756026170798898,0.0,312370,1555650
5,0.0327460827447868,0.07134996805834548,0.00022916463137612197,-0.1043252154345084,0.0,1273440,435020
