pairIndex,top_appid,bottom_appid,rate_per_1k::Flow_top,rate_per_1k::Flow_bottom,rate_per_1k::Flow_diff_top_minus_bottom,rate_per_1k::Utility_top,rate_per_1k::Utility_bottom,rate_per_1k::Utility_diff_top_minus_bottom,rate_per_1k::Nostalgia_top,rate_per_1k::Nostalgia_bottom,rate_per_1k::Nostalgia_diff_top_minus_bottom
1,415880,3584190,2.576389962384707,1.757028112449799,0.8193618499349078,1.7777090740454475,2.384538152610442,-0.6068290785649946,1.6488895759262123,1.6315261044176705,0.017363471508541783
2,250460,435480,3.195516444619242,2.4871630295250324,0.7083534150942095,3.2938400275306035,2.086007702182285,1.2078323253483183,0.7128459761073693,1.6046213093709885,-0.8917753332636191
3,1929360,48110,1.1318619128466327,1.317186596954342,-0.1853246841077092,0.5659309564233164,1.90857649762772,-1.3426455412044036,0.5659309564233164,0.8467628123277914,-0.280831855904475
4,312370,1555650,2.486231768838265,3.149606299212598,-0.663374530374333,2.442867261242249,5.399325084364454,-2.9564578231222054,1.1563868692271,0.6749156355455568,0.4814712336815432
5,1273440,435020,0.821853475266124,2.7134587554269176,-1.8916052801607937,1.878522229179712,2.1707670043415344,-0.29224477516182246,1.1349405134627426,1.6280752532561504,-0.49313473979340783
